id,lon,lat,demanda
1,-976.649,-1928.45,379
2,-1066.93,-2105.76,370
3,-1128.11,-2299.98,141
4,-787.69,-2052.15,318
5,-822.273,-1902.6,256
6,-879.495,-2179.43,322
7,-980.698,-2440.15,297
8,-573.405,-540.576,102
9,-592.193,-663.557,151
10,-630.765,-854.317,409
11,-870.768,-1502.41,101
12,-647.623,-1462.93,414
13,-726.67,-1640.61,190
14,-655.487,-1908.1,88
15,-623.037,-2095.03,298
16,-709.2,-2298.25,118
17,-791.837,-2509.31,442
18,-880.089,-2772.06,370
19,-373.949,-221.432,459
20,-523.012,-359.024,500
21,-727.586,-559.426,11
22,-726.206,-840.286,425
23,-561.762,-1303.46,63
24,-415.639,-1438.53,349
25,-491.478,-1579.05,339
26,-546.027,-1737.11,493
27,-439.719,-1916.22,230
28,-469.697,-2221.95,498
29,-485.635,-2439.85,362
30,-582.047,-2647.99,498
31,-514.499,-2879.9,330
32,-223.248,-115.362,211
33,-289.437,-344.12,271
34,-402.342,-459.545,99
35,-458.646,-657.92,360
36,-482.958,-891.612,175
37,-564.396,-1071.31,127
38,-366.938,-1188.08,188
39,-262.855,-1389.71,475
40,-300.339,-1645.99,213
41,-314.886,-1858.1,362
42,-352.978,-2065.23,167
43,-279.528,-2238.27,278
44,-305.053,-2402.66,366
45,-375.914,-2609.96,18
46,-314.258,-2841.26,472
47,0,0,324
48,-223.678,-495.855,339
49,-285.118,-672.401,400
50,-306.708,-881.489,206
51,-322.07,-1086.06,410
52,-151.606,-1532.82,260
53,-109.924,-1690.45,271
54,-128.096,-1872.48,143
55,-144.049,-2078.29,442
56,-129.2,-2261.34,403
57,-139.904,-2459.28,121
58,-186.425,-2682.55,129
59,-189.771,-2952.59,24
60,21.277,-2836.58,60
61,87.801,-139.108,228
62,-1.724,-294.071,490
63,-48.522,-486.984,115
64,-100.168,-701.573,13
65,-117.636,-955.88,138
66,-113.463,-1214.95,446
67,26.969,-1528.56,423
68,63.546,-1696.57,278
69,49.329,-1901.01,260
70,34.508,-2099.47,30
71,70.829,-2273.93,165
72,58.419,-2471.9,169
73,4.868,-2674.24,497
74,-40.935,-3007.24,456
75,260.949,-176.753,100
76,172.626,-465.173,14
77,78.89,-623.829,353
78,86.756,-828.03,356
79,40.129,-987.095,135
80,48.945,-1115.23,91
81,270.427,-1264.78,168
82,160.777,-1404.28,70
83,201.867,-1580.63,256
84,212.586,-1792.52,351
85,193.769,-2027.33,286
86,259.008,-2201.02,30
87,263.347,-2391.1,169
88,181.008,-2828.71,84
89,185.998,-3151.71,304
90,300.182,-353.869,125
91,310.812,-522.342,24
92,241.074,-668.651,201
93,318.097,-846.067,282
94,202.158,-1003.51,248
95,365.91,-1458.48,152
96,361.301,-1638.88,477
97,394.816,-1835.03,415
98,388.522,-2063.84,458
99,479.518,-2246.67,173
100,406.406,-2532.4,18
101,345.05,-2760.43,165
102,494.85,-3206.23,452
103,457.689,-289.585,445
104,449.434,-477.946,52
105,436.552,-655.647,441
106,545.845,-955.952,123
107,553.202,-1443.52,12
108,533.996,-1651.62,37
109,584.473,-1857.35,49
110,606.772,-2056.34,106
111,530.882,-2407.21,430
112,599.474,-2662.84,381
113,499.987,-2949.78,406
114,783.374,-3183.7,28
115,567.572,-447.405,179
116,643.099,-309.373,264
117,606.067,-565.77,256
118,715.302,-1507.75,352
119,698.992,-1668.8,296
120,745.477,-1864.06,243
121,812.857,-2043.03,20
122,723.597,-2259.95,328
123,729.25,-2484.05,89
124,833.083,-2683.74,273
125,778.21,-2925.87,486
126,928.677,-3029.93,248
127,733.154,-513.586,146
128,781.519,-385.744,298
129,762.762,-649.87,350
130,710.171,-810.799,70
131,889.05,-1475.07,347
132,885.469,-1656.24,139
133,925.557,-1843.09,356
134,1015.55,-1998.7,129
135,942.932,-2211.26,248
136,921.157,-2377.73,352
137,1018.83,-2572.8,84
138,997.463,-2824.44,275
139,1102.77,-2984.32,17
140,1061.67,-3161.62,78
141,882.46,-543.445,474
142,894.605,-418.478,490
143,883.91,-735.564,243
144,861.586,-891.479,297
145,973.565,-1078.97,229
146,830.011,-1285.5,87
147,1072.09,-1435.24,232
148,1078.84,-1644.39,205
149,1118.61,-1823.37,118
150,1227.96,-1959.25,229
151,1137.14,-2185.74,239
152,1093,-2362.31,304
153,1233.32,-2514.03,172
154,1166.55,-2717.59,254
155,1261.54,-2879.08,228
156,1227.6,-3113.01,332
157,1053.88,-465.036,494
158,988.638,-301.625,34
159,1014.75,-620.226,94
160,1153.25,-713.51,151
161,1243.47,-898.867,42
162,1218.5,-1077.57,433
163,1151.61,-1273.62,139
164,1353.3,-1544.11,242
165,1209.79,-1528.69,271
166,1260.89,-1674.84,437
167,1125.21,-2092.71,381
168,1211.15,-2338.89,93
169,1366.84,-2348.93,117
170,1475.16,-2536.59,166
171,1389.55,-2733.28,219
172,1413.07,-3011.84,270
173,1414.3,-3259.89,248
174,1182.66,-183.863,213
175,1285.82,-416.088,284
176,1057.9,-862.564,343
177,1542.32,-1443.93,223
178,1348.56,-1367.79,298
179,1395.6,-1632.27,393
180,1396.84,-1819.62,136
181,1426.19,-2041.29,48
182,1394.5,-2160.3,34
183,1586.75,-2214.08,164
184,1845.91,-2525.14,195
185,1603.46,-2791.66,331
186,1639.51,-3027.21,376
187,1694.45,-3248.9,138
188,1524.24,-476.723,441
189,1334.96,-628.743,159
190,1518.78,-850.363,360
191,1448.39,-1125.64,341
192,1579.78,-1301.76,10
193,1558.34,-1532.98,142
194,1609.6,-1754.24,304
195,1665.92,-1976.11,367
196,1735.18,-2147.32,333
197,1726.27,-2343.09,111
198,1620.23,-2553.6,53
199,1796.38,-2716.93,403
200,1927.56,-2892.51,281
201,1871.05,-3099.2,238
202,1482.23,-204.224,274
203,1606.42,-359.168,258
204,1702.93,-665.889,346
205,1710.5,-1104.22,12
206,1783,-1460.09,91
207,1781.74,-1786.35,360
208,1838.31,-1978.16,461
209,1936.19,-2140.3,366
210,1908.99,-2421.85,495
211,2015.92,-2641.78,219
212,2074.92,-2954.64,361
213,1793.49,-2941.26,71
214,1666.18,-117.228,194
215,1785.64,-320.348,269
216,1870.51,-798.269,431
217,1892.89,-922.055,405
218,1897.36,-1299.21,221
219,1976.23,-1501.09,80
220,1959.6,-1765.07,419
221,2035.31,-1967.87,348
222,2069.14,-2287.7,220
223,2303.77,-2389.82,104
224,1943.39,-3025.96,100
225,2081.49,-2776.85,292
226,1873.29,-190.863,499
227,1868.57,-513.05,59
228,1871.76,-682.948,64
229,2056.58,-691.84,123
230,2169.99,-901.157,169
231,2065.58,-1097.69,380
232,2072.86,-1360.29,252
233,2176.03,-1560.88,206
234,2138.36,-1771.68,119
235,2238.46,-1925.02,497
236,2193.46,-2096.59,433
237,2506.56,-2894.3,117
238,2285.03,-2652.32,37
239,2297.73,-2926.42,13
240,2341.53,-3198.03,301
241,2053.31,-167.99,366
242,2056.63,-414.232,456
243,2273.9,-1192.78,360
244,2267.5,-1402.97,280
245,2410.52,-1546.11,368
246,2343.02,-1745.88,315
247,2432.3,-1920.9,149
248,2373.75,-2115.3,65
249,2314.15,-2353.7,380
250,2506.13,-2550.05,328
251,2521.48,-2763.92,59
252,2444.55,-3012.43,448
253,2334.7,-3388.8,344
254,2575.75,-3420.52,121
255,2849.13,-3335.88,174
256,1928,0,84
257,2208.43,-252.315,200
258,2269.63,-428.547,133
259,2270.88,-620.105,176
260,2414.49,-731.468,376
261,2406.97,-970.54,369
262,2543.4,-1139.83,452
263,2485.15,-1332.77,147
264,2729.45,-1457.75,89
265,2550.86,-1717.73,100
266,2629.96,-1928.89,212
267,2559.19,-2167.02,499
268,2586.55,-2377.39,30
269,2707,-2515.45,263
270,2682.14,-2691.44,378
271,2680.94,-2944.82,90
272,2717.43,-3185.91,413
273,2737.67,-3499.54,329
274,2977.82,-3508,74
275,2864.88,-3695.95,194
276,2362.59,-110.597,267
277,2468.26,-313.39,137
278,2458.87,-520.617,212
279,2596.06,-658.768,117
280,2614.88,-863.926,488
281,2722.01,-1050.66,308
282,2689.48,-1288.73,89
283,2566.79,-1477.35,398
284,2705.51,-1623.44,458
285,2765.59,-1851.62,197
286,2752.85,-2114.52,133
287,2993.37,-2211.58,147
288,2884.83,-2458,402
289,2894.14,-2682.45,296
290,2935.68,-2865.84,246
291,2927.64,-3043.35,326
292,2995.52,-3227.8,361
293,3127.78,-3340.38,97
294,3140.88,-3533.68,333
295,3107.79,-3741.84,454
296,3213.18,-3918.53,208
297,2673.72,77.459,124
298,2682.76,-141.039,434
299,2661.76,-382.957,316
300,2772.14,-606.988,437
301,2820.88,-845.343,226
302,3058.21,-866.665,319
303,2877.65,-1193.25,365
304,2834.53,-1439.16,382
305,2838.12,-1682.49,492
306,2921.01,-1835.34,99
307,2922.69,-2027.51,341
308,2902.08,-2300.58,96
309,3030.72,-2390.82,305
310,3098.01,-2551.28,405
311,3103.46,-2753.72,198
312,3201.41,-2938.97,354
313,3172.28,-3110.53,417
314,3292.7,-3245.15,182
315,3334.37,-3490.72,104
316,3334.49,-3688.86,140
317,3404.45,-3863.32,242
318,3459.04,-4035.68,319
319,2917.76,-116.198,165
320,2897.66,-375.271,69
321,2985.43,-611.851,259
322,3174.58,-742.92,442
323,3232.19,-1041.87,287
324,3028.17,-1000.36,341
325,3030.7,-1318.34,46
326,3026.95,-1702.26,294
327,3096.14,-1955.89,362
328,3118.93,-2159.26,386
329,3189.54,-2338.8,378
330,3323.41,-2484.95,497
331,3297.34,-2711.01,254
332,3403.32,-2907.78,445
333,3488.47,-3084.77,280
334,3473.16,-3298.44,281
335,3546,-3469.83,318
336,3516.03,-3638.6,61
337,3560.91,-3780.14,295
338,3654.85,-3971.16,47
339,3122.86,-205.216,257
340,3214.3,-477.932,380
341,3433.65,-595.813,458
342,3332.03,-858.357,65
343,3321.53,-1120.98,222
344,3234.83,-1367.11,211
345,3109.22,-1527.6,70
346,3236.63,-1692.2,468
347,3268.15,-1897.94,490
348,3302.43,-2097.37,347
349,3436,-2288.81,109
350,3508.43,-2473.82,40
351,3510,-2675.41,305
352,3626.1,-2857.24,110
353,3714.96,-3047.66,290
354,3733.67,-3244.04,398
355,3780.56,-3432.31,351
356,3718.44,-3654.62,274
357,3781.62,-3830.57,425
358,3480.11,-61.24,298
359,3459.02,-420.295,483
360,3372.09,-747.727,78
361,3637.23,-679.965,159
362,3549.4,-849.803,74
363,3567.41,-1116.35,318
364,3391.27,-1327.51,476
365,3350.7,-1575.82,286
366,3446.59,-1844.41,147
367,3474.76,-2035,67
368,3672.09,-2231.12,138
369,3714.56,-2416.16,478
370,3711.21,-2636.86,129
371,3829.77,-2806.91,332
372,3950.24,-3003.81,205
373,3936.65,-3231.67,161
374,3991.1,-3485.35,246
375,3929.58,-3684.7,366
376,4066.92,-3814.83,141
377,3551.91,-962.435,40
378,3755.77,-993.427,270
379,3779.02,-1224.53,21
380,3526.93,-1478.89,54
381,3605.98,-1371.1,265
382,3670.08,-1664.39,361
383,3668.68,-1837.29,477
384,3662.61,-2021.8,110
385,3890.97,-2160.67,494
386,3918.3,-2406.03,381
387,3967.09,-2584.65,84
388,4091.97,-2674.55,266
389,4338.42,-2899.3,440
390,4182.01,-3149.55,407
391,4141.9,-3342.05,429
392,4217.48,-3709.5,167
393,4142.21,-3606.75,199
394,3612.28,-1208.12,79
395,3732.87,-1353.59,371
396,3762.79,-1541.94,66
397,3874.92,-1452.26,236
398,4031.41,-1792.02,265
399,3933.51,-1928.05,19
400,4118.74,-2116.68,403
401,4143.01,-2347.81,411
402,4303.75,-2690.57,197
403,4145.76,-2986.65,79
404,4370.4,-3253.68,222
405,4322.62,-3399.15,345
406,4275.19,-3538.68,365
407,3994.78,-1567.83,408
